signal_date,watch_date,model,stock_code,stock_name,model_score,model_prob,rank_no,signal_close,auction_proxy_open,auction_gap_pct,amount_ma20,broken_rate,red_rate,limit_down_count,pullback,max_board,daily_candidate_status,auction_filter_status,planned_status,planned_position_pct,intraday_trigger,invalidation_rule,exit_protocol,drop_reason
2025-01-03,2025-01-06,relay,600071,凤凰光学,0.9971228470581919,0.36915797097888037,1,22.07,21.49,-2.6280018124150484,228659709.236,0.0,,0.0,0.0,1.0,pass,drop,drop,0.0,wait_for_vwap_reclaim_or_reseal_or_open_price_rebreak,drop_if_first_15m_ret<=-3pct_or_cannot_reclaim_vwap,t2_weak_open_sell_or_t2_close_exit; t3_clear_if_extended,auction_gap_lt_-1pct
2025-01-08,2025-01-09,relay,600078,澄星股份,0.9931319756337593,0.35998192356920716,1,6.5,6.33,-2.6153846153846194,69535688.5635,0.0,1.0,0.0,0.0,1.0,pass,drop,drop,0.0,wait_for_vwap_reclaim_or_reseal_or_open_price_rebreak,drop_if_first_15m_ret<=-3pct_or_cannot_reclaim_vwap,t2_weak_open_sell_or_t2_close_exit; t3_clear_if_extended,auction_gap_lt_-1pct;liquidity_lt_150m
2025-02-11,2025-02-12,relay,600081,东风科技,0.9999999995900549,0.4604883382119313,1,13.03420692,12.71532724,-2.4464831804281384,116819884.00149998,0.0,0.0,0.0,0.0,1.0,drop,drop,drop,0.0,wait_for_vwap_reclaim_or_reseal_or_open_price_rebreak,drop_if_first_15m_ret<=-3pct_or_cannot_reclaim_vwap,t2_weak_open_sell_or_t2_close_exit; t3_clear_if_extended,red_rate_lt_0.28;auction_gap_lt_-1pct;liquidity_lt_150m
2025-02-18,2025-02-19,relay,600058,五矿发展,0.8933225129569244,0.31870553565132154,1,7.69,7.48,-2.73081924577373,64173086.3625,0.0,,0.0,0.0,1.0,pass,drop,drop,0.0,wait_for_vwap_reclaim_or_reseal_or_open_price_rebreak,drop_if_first_15m_ret<=-3pct_or_cannot_reclaim_vwap,t2_weak_open_sell_or_t2_close_exit; t3_clear_if_extended,auction_gap_lt_-1pct;liquidity_lt_150m
2025-02-19,2025-02-20,relay,600105,永鼎股份,1.0,0.528444434675158,1,5.78437442,5.953044,2.9159519725557637,369156379.1265,0.0,1.0,0.0,0.0,1.0,pass,pass,watch_intraday,0.04,wait_for_vwap_reclaim_or_reseal_or_open_price_rebreak,drop_if_first_15m_ret<=-3pct_or_cannot_reclaim_vwap,t2_weak_open_sell_or_t2_close_exit; t3_clear_if_extended,
2025-02-24,2025-02-25,relay,600100,同方股份,0.999999985358834,0.44495706894297543,1,9.48,9.53,0.5274261603375408,1176632548.5995,0.0,0.5,0.0,0.0,2.0,pass,pass,watch_intraday,0.04,wait_for_vwap_reclaim_or_reseal_or_open_price_rebreak,drop_if_first_15m_ret<=-3pct_or_cannot_reclaim_vwap,t2_weak_open_sell_or_t2_close_exit; t3_clear_if_extended,
2025-02-27,2025-02-28,relay,600076,康欣新材,0.9999999999999943,0.5078412028034476,1,2.49,2.74,10.040160642570273,71830702.0105,0.0,1.0,0.0,0.0,2.0,pass,drop,drop,0.0,wait_for_vwap_reclaim_or_reseal_or_open_price_rebreak,drop_if_first_15m_ret<=-3pct_or_cannot_reclaim_vwap,t2_weak_open_sell_or_t2_close_exit; t3_clear_if_extended,auction_gap_gt_4pct;limit_up_open_unfilled;liquidity_lt_150m
2025-02-27,2025-02-28,relay,600094,大名城,0.9999999999995003,0.48791642998817625,2,3.75,3.77,0.5333333333333412,111207959.23099999,0.0,1.0,0.0,0.0,2.0,pass,drop,drop,0.0,wait_for_vwap_reclaim_or_reseal_or_open_price_rebreak,drop_if_first_15m_ret<=-3pct_or_cannot_reclaim_vwap,t2_weak_open_sell_or_t2_close_exit; t3_clear_if_extended,liquidity_lt_150m
2025-03-20,2025-03-21,relay,600063,皖维高新,0.8342355236207811,0.30785066516146126,1,4.6700928,4.59225792,-1.6666666666666718,195257956.72849998,0.5,,0.0,0.0,1.0,drop,drop,drop,0.0,wait_for_vwap_reclaim_or_reseal_or_open_price_rebreak,drop_if_first_15m_ret<=-3pct_or_cannot_reclaim_vwap,t2_weak_open_sell_or_t2_close_exit; t3_clear_if_extended,broken_rate_gt_0.40;auction_gap_lt_-1pct
2025-03-25,2025-03-26,relay,600105,永鼎股份,0.8535463181284366,0.3112128266408577,1,7.20318324,7.33216586,1.7906336088154173,855751532.165,0.0,,1.0,0.0,1.0,pass,pass,watch_intraday,0.04,wait_for_vwap_reclaim_or_reseal_or_open_price_rebreak,drop_if_first_15m_ret<=-3pct_or_cannot_reclaim_vwap,t2_weak_open_sell_or_t2_close_exit; t3_clear_if_extended,
2025-04-08,2025-04-09,relay,600094,大名城,0.9997763211880931,0.39148017540052005,1,3.17,3.21,1.2618296529968376,84604557.075,0.0,,1.0,0.0,1.0,pass,drop,drop,0.0,wait_for_vwap_reclaim_or_reseal_or_open_price_rebreak,drop_if_first_15m_ret<=-3pct_or_cannot_reclaim_vwap,t2_weak_open_sell_or_t2_close_exit; t3_clear_if_extended,liquidity_lt_150m
2025-04-08,2025-04-09,relay,600108,亚盛集团,0.9937710405383888,0.36110257460040945,2,3.23905725,3.23905725,0.0,160031481.234,0.0,,1.0,0.0,1.0,pass,pass,watch_intraday,0.04,wait_for_vwap_reclaim_or_reseal_or_open_price_rebreak,drop_if_first_15m_ret<=-3pct_or_cannot_reclaim_vwap,t2_weak_open_sell_or_t2_close_exit; t3_clear_if_extended,
2025-04-09,2025-04-10,relay,600094,大名城,1.0,0.6667241592185614,1,3.49,3.33,-4.584527220630374,91408574.631,0.5,0.5,0.0,0.0,2.0,drop,drop,drop,0.0,wait_for_vwap_reclaim_or_reseal_or_open_price_rebreak,drop_if_first_15m_ret<=-3pct_or_cannot_reclaim_vwap,t2_weak_open_sell_or_t2_close_exit; t3_clear_if_extended,broken_rate_gt_0.40;auction_gap_lt_-1pct;liquidity_lt_150m
2025-04-22,2025-04-23,relay,600105,永鼎股份,0.9124182087452888,0.3225668802065837,1,6.09194836,6.1514788,0.9771986970684043,928220504.805,0.0,,0.0,0.0,1.0,pass,pass,watch_intraday,0.04,wait_for_vwap_reclaim_or_reseal_or_open_price_rebreak,drop_if_first_15m_ret<=-3pct_or_cannot_reclaim_vwap,t2_weak_open_sell_or_t2_close_exit; t3_clear_if_extended,
2025-05-20,2025-05-21,relay,600006,东风股份,0.9738833479287013,0.34319048153992876,1,7.83,7.77,-0.766283524904221,262749131.32,0.0,,0.0,0.0,1.0,pass,pass,watch_intraday,0.04,wait_for_vwap_reclaim_or_reseal_or_open_price_rebreak,drop_if_first_15m_ret<=-3pct_or_cannot_reclaim_vwap,t2_weak_open_sell_or_t2_close_exit; t3_clear_if_extended,
2025-05-26,2025-05-27,relay,600105,永鼎股份,0.999084165969824,0.3803935538064359,1,8.29457464,8.2350442,-0.7177033492822948,1470286928.6694999,0.0,,0.0,0.0,1.0,pass,pass,watch_intraday,0.04,wait_for_vwap_reclaim_or_reseal_or_open_price_rebreak,drop_if_first_15m_ret<=-3pct_or_cannot_reclaim_vwap,t2_weak_open_sell_or_t2_close_exit; t3_clear_if_extended,
2025-05-29,2025-05-30,relay,600006,东风股份,0.7261641887114854,0.2910989174664192,1,8.92,8.82,-1.1210762331838486,575447967.4195001,0.0,,0.0,0.0,1.0,pass,drop,drop,0.0,wait_for_vwap_reclaim_or_reseal_or_open_price_rebreak,drop_if_first_15m_ret<=-3pct_or_cannot_reclaim_vwap,t2_weak_open_sell_or_t2_close_exit; t3_clear_if_extended,auction_gap_lt_-1pct
2025-06-09,2025-06-10,relay,600059,古越龙山,0.8363974502587888,0.3083997246033129,1,10.88,10.95,0.6433823529411686,428524846.18850005,0.0,,0.0,0.0,1.0,pass,pass,watch_intraday,0.04,wait_for_vwap_reclaim_or_reseal_or_open_price_rebreak,drop_if_first_15m_ret<=-3pct_or_cannot_reclaim_vwap,t2_weak_open_sell_or_t2_close_exit; t3_clear_if_extended,
2025-06-17,2025-06-18,relay,600110,诺德股份,0.9997255664509135,0.3900258798889837,1,3.86,3.93,1.81347150259068,185968826.35,0.0,,0.0,0.0,1.0,pass,pass,watch_intraday,0.04,wait_for_vwap_reclaim_or_reseal_or_open_price_rebreak,drop_if_first_15m_ret<=-3pct_or_cannot_reclaim_vwap,t2_weak_open_sell_or_t2_close_exit; t3_clear_if_extended,
2025-06-18,2025-06-19,relay,600110,诺德股份,0.9983159231107774,0.37457035999120675,1,4.25,4.47,5.1764705882352935,241866923.14650002,0.0,1.0,0.0,0.0,2.0,pass,drop,drop,0.0,wait_for_vwap_reclaim_or_reseal_or_open_price_rebreak,drop_if_first_15m_ret<=-3pct_or_cannot_reclaim_vwap,t2_weak_open_sell_or_t2_close_exit; t3_clear_if_extended,auction_gap_gt_4pct
2025-06-19,2025-06-20,relay,600110,诺德股份,0.9929970334683907,0.35976237274282286,1,4.68,4.95,5.769230769230771,271600249.931,0.0,1.0,0.0,0.0,3.0,pass,drop,drop,0.0,wait_for_vwap_reclaim_or_reseal_or_open_price_rebreak,drop_if_first_15m_ret<=-3pct_or_cannot_reclaim_vwap,t2_weak_open_sell_or_t2_close_exit; t3_clear_if_extended,auction_gap_gt_4pct
2025-06-23,2025-06-24,relay,600110,诺德股份,0.9999995556019611,0.42712381064767624,1,5.67,5.52,-2.645502645502651,531900996.60599995,0.0,1.0,0.0,0.0,5.0,drop,drop,drop,0.0,wait_for_vwap_reclaim_or_reseal_or_open_price_rebreak,drop_if_first_15m_ret<=-3pct_or_cannot_reclaim_vwap,t2_weak_open_sell_or_t2_close_exit; t3_clear_if_extended,max_board_gt_3;auction_gap_lt_-1pct
2025-06-24,2025-06-25,relay,600110,诺德股份,0.999492563469204,0.385531575123352,1,6.24,6.4,2.564102564102577,683403714.6165,0.0,1.0,0.0,0.0,6.0,drop,pass,drop,0.0,wait_for_vwap_reclaim_or_reseal_or_open_price_rebreak,drop_if_first_15m_ret<=-3pct_or_cannot_reclaim_vwap,t2_weak_open_sell_or_t2_close_exit; t3_clear_if_extended,max_board_gt_3
2025-06-24,2025-06-25,relay,600095,湘财股份,0.9981232880308416,0.37345785566802586,2,9.09,9.39,3.300330033003318,884489752.1665001,0.0,1.0,0.0,0.0,6.0,drop,pass,drop,0.0,wait_for_vwap_reclaim_or_reseal_or_open_price_rebreak,drop_if_first_15m_ret<=-3pct_or_cannot_reclaim_vwap,t2_weak_open_sell_or_t2_close_exit; t3_clear_if_extended,max_board_gt_3
2025-06-25,2025-06-26,relay,600095,湘财股份,0.9999999999999931,0.5073323171298395,1,10.0,10.8,8.000000000000007,1059668289.6529999,0.0,1.0,0.0,0.0,7.0,drop,drop,drop,0.0,wait_for_vwap_reclaim_or_reseal_or_open_price_rebreak,drop_if_first_15m_ret<=-3pct_or_cannot_reclaim_vwap,t2_weak_open_sell_or_t2_close_exit; t3_clear_if_extended,max_board_gt_3;auction_gap_gt_4pct
2025-06-25,2025-06-26,relay,600110,诺德股份,0.999999833009083,0.43269738120361556,2,6.86,6.85,-0.1457725947521915,890825048.543,0.0,1.0,0.0,0.0,7.0,drop,pass,drop,0.0,wait_for_vwap_reclaim_or_reseal_or_open_price_rebreak,drop_if_first_15m_ret<=-3pct_or_cannot_reclaim_vwap,t2_weak_open_sell_or_t2_close_exit; t3_clear_if_extended,max_board_gt_3
2025-07-11,2025-07-14,relay,600010,包钢股份,1.0,0.5424652098521999,1,2.09,2.2,5.2631578947368585,1062207106.2475001,0.0,,0.0,0.0,1.0,pass,drop,drop,0.0,wait_for_vwap_reclaim_or_reseal_or_open_price_rebreak,drop_if_first_15m_ret<=-3pct_or_cannot_reclaim_vwap,t2_weak_open_sell_or_t2_close_exit; t3_clear_if_extended,auction_gap_gt_4pct
2025-07-22,2025-07-23,relay,600089,特变电工,0.9999996610781172,0.4289748650722423,1,14.44,15.0,3.878116343490312,1208633827.0375,0.5,,0.0,0.0,1.0,drop,pass,drop,0.0,wait_for_vwap_reclaim_or_reseal_or_open_price_rebreak,drop_if_first_15m_ret<=-3pct_or_cannot_reclaim_vwap,t2_weak_open_sell_or_t2_close_exit; t3_clear_if_extended,broken_rate_gt_0.40
2025-07-24,2025-07-25,relay,600010,包钢股份,0.9999999999999961,0.5097325272305293,1,2.52,2.59,2.777777777777768,2880240604.0464997,0.0,,0.0,0.0,1.0,pass,pass,watch_intraday,0.04,wait_for_vwap_reclaim_or_reseal_or_open_price_rebreak,drop_if_first_15m_ret<=-3pct_or_cannot_reclaim_vwap,t2_weak_open_sell_or_t2_close_exit; t3_clear_if_extended,
2025-07-30,2025-07-31,relay,600010,包钢股份,0.9999999999999998,0.5218498929295863,1,2.92,2.89,-1.0273972602739656,4263703731.75,0.5,,0.0,0.0,1.0,drop,drop,drop,0.0,wait_for_vwap_reclaim_or_reseal_or_open_price_rebreak,drop_if_first_15m_ret<=-3pct_or_cannot_reclaim_vwap,t2_weak_open_sell_or_t2_close_exit; t3_clear_if_extended,broken_rate_gt_0.40;auction_gap_lt_-1pct
2025-07-31,2025-08-01,relay,600110,诺德股份,0.9131349785218589,0.3227072524650327,1,6.26,6.26,0.0,1157726447.5085,0.0,0.0,0.0,0.0,1.0,drop,pass,drop,0.0,wait_for_vwap_reclaim_or_reseal_or_open_price_rebreak,drop_if_first_15m_ret<=-3pct_or_cannot_reclaim_vwap,t2_weak_open_sell_or_t2_close_exit; t3_clear_if_extended,red_rate_lt_0.28
2025-08-15,2025-08-18,relay,600076,康欣新材,1.0,0.5332933619202029,1,2.76,2.88,4.347826086956519,77341418.8185,0.0,,0.0,0.0,1.0,pass,drop,drop,0.0,wait_for_vwap_reclaim_or_reseal_or_open_price_rebreak,drop_if_first_15m_ret<=-3pct_or_cannot_reclaim_vwap,t2_weak_open_sell_or_t2_close_exit; t3_clear_if_extended,auction_gap_gt_4pct;liquidity_lt_150m
2025-08-15,2025-08-18,relay,600021,上海电力,0.9999999999999993,0.5177693555185493,2,11.76,11.95,1.6156462585033893,954671813.1529999,0.0,,0.0,0.0,1.0,pass,pass,watch_intraday,0.04,wait_for_vwap_reclaim_or_reseal_or_open_price_rebreak,drop_if_first_15m_ret<=-3pct_or_cannot_reclaim_vwap,t2_weak_open_sell_or_t2_close_exit; t3_clear_if_extended,
2025-08-18,2025-08-19,relay,600021,上海电力,0.9999999999956961,0.47866093655617864,1,12.94,13.43,3.7867078825347678,1117849153.5879998,0.0,0.6666666666666666,0.0,0.0,2.0,pass,pass,watch_intraday,0.04,wait_for_vwap_reclaim_or_reseal_or_open_price_rebreak,drop_if_first_15m_ret<=-3pct_or_cannot_reclaim_vwap,t2_weak_open_sell_or_t2_close_exit; t3_clear_if_extended,
2025-08-18,2025-08-19,relay,600110,诺德股份,0.9999842903125188,0.4080866069963406,2,7.7,8.3,7.792207792207795,1392962164.025,0.0,0.6666666666666666,0.0,0.0,2.0,pass,drop,drop,0.0,wait_for_vwap_reclaim_or_reseal_or_open_price_rebreak,drop_if_first_15m_ret<=-3pct_or_cannot_reclaim_vwap,t2_weak_open_sell_or_t2_close_exit; t3_clear_if_extended,auction_gap_gt_4pct
2025-08-19,2025-08-20,relay,600076,康欣新材,0.999951837262482,0.40166485281643843,1,2.97,3.03,2.020202020202011,113316272.6,0.0,1.0,0.0,0.0,3.0,pass,drop,drop,0.0,wait_for_vwap_reclaim_or_reseal_or_open_price_rebreak,drop_if_first_15m_ret<=-3pct_or_cannot_reclaim_vwap,t2_weak_open_sell_or_t2_close_exit; t3_clear_if_extended,liquidity_lt_150m
2025-08-19,2025-08-20,relay,600110,诺德股份,0.9850972151138462,0.3511164884010808,2,8.47,8.7,2.715466351829976,1540548776.932,0.0,1.0,0.0,0.0,3.0,pass,pass,watch_intraday,0.04,wait_for_vwap_reclaim_or_reseal_or_open_price_rebreak,drop_if_first_15m_ret<=-3pct_or_cannot_reclaim_vwap,t2_weak_open_sell_or_t2_close_exit; t3_clear_if_extended,
2025-08-20,2025-08-21,relay,600104,上汽集团,0.9937506645032536,0.36107281100681426,1,19.8,20.15,1.7676767676767513,1387692686.1775,0.0,0.0,0.0,0.0,1.0,drop,pass,drop,0.0,wait_for_vwap_reclaim_or_reseal_or_open_price_rebreak,drop_if_first_15m_ret<=-3pct_or_cannot_reclaim_vwap,t2_weak_open_sell_or_t2_close_exit; t3_clear_if_extended,red_rate_lt_0.28
2025-08-25,2025-08-26,relay,600010,包钢股份,1.0,0.5902030232229712,1,2.99,2.99,0.0,4856933667.653501,0.6666666666666666,1.0,0.0,0.0,1.0,drop,pass,drop,0.0,wait_for_vwap_reclaim_or_reseal_or_open_price_rebreak,drop_if_first_15m_ret<=-3pct_or_cannot_reclaim_vwap,t2_weak_open_sell_or_t2_close_exit; t3_clear_if_extended,broken_rate_gt_0.40
2025-09-02,2025-09-03,relay,600103,青山纸业,0.999921649930735,0.3986741746333305,1,2.76,2.82,2.1739130434782705,262762202.65749997,0.0,1.0,0.0,0.0,2.0,pass,pass,watch_intraday,0.04,wait_for_vwap_reclaim_or_reseal_or_open_price_rebreak,drop_if_first_15m_ret<=-3pct_or_cannot_reclaim_vwap,t2_weak_open_sell_or_t2_close_exit; t3_clear_if_extended,
2025-09-05,2025-09-08,relay,600103,青山纸业,0.7989547096729481,0.30232191329023267,1,2.74,3.01,9.85401459854014,377160201.89900005,0.0,,0.0,0.0,1.0,pass,drop,drop,0.0,wait_for_vwap_reclaim_or_reseal_or_open_price_rebreak,drop_if_first_15m_ret<=-3pct_or_cannot_reclaim_vwap,t2_weak_open_sell_or_t2_close_exit; t3_clear_if_extended,auction_gap_gt_4pct;limit_up_open_unfilled
2025-09-08,2025-09-09,relay,600026,中远海能,0.8366121893115653,0.30844514000718354,1,12.19,12.0,-1.5586546349466768,688821717.0725,0.6666666666666666,1.0,0.0,0.0,1.0,drop,drop,drop,0.0,wait_for_vwap_reclaim_or_reseal_or_open_price_rebreak,drop_if_first_15m_ret<=-3pct_or_cannot_reclaim_vwap,t2_weak_open_sell_or_t2_close_exit; t3_clear_if_extended,broken_rate_gt_0.40;auction_gap_lt_-1pct
2025-09-09,2025-09-10,relay,600103,青山纸业,0.9717099500631003,0.34209029641665367,1,3.14,3.3,5.095541401273884,496074617.6545,0.5,0.0,0.0,0.0,1.0,drop,drop,drop,0.0,wait_for_vwap_reclaim_or_reseal_or_open_price_rebreak,drop_if_first_15m_ret<=-3pct_or_cannot_reclaim_vwap,t2_weak_open_sell_or_t2_close_exit; t3_clear_if_extended,broken_rate_gt_0.40;red_rate_lt_0.28;auction_gap_gt_4pct
2025-09-10,2025-09-11,relay,600103,青山纸业,1.0,0.5656339558636553,1,3.45,3.8,10.144927536231862,538227709.847,0.0,1.0,1.0,0.0,2.0,pass,drop,drop,0.0,wait_for_vwap_reclaim_or_reseal_or_open_price_rebreak,drop_if_first_15m_ret<=-3pct_or_cannot_reclaim_vwap,t2_weak_open_sell_or_t2_close_exit; t3_clear_if_extended,auction_gap_gt_4pct;limit_up_open_unfilled
2025-09-11,2025-09-12,relay,600071,凤凰光学,1.0,0.5459896351712773,1,23.07,23.08,0.043346337234484444,205245245.49949998,0.0,1.0,0.0,0.0,3.0,pass,pass,watch_intraday,0.04,wait_for_vwap_reclaim_or_reseal_or_open_price_rebreak,drop_if_first_15m_ret<=-3pct_or_cannot_reclaim_vwap,t2_weak_open_sell_or_t2_close_exit; t3_clear_if_extended,
2025-09-11,2025-09-12,relay,600103,青山纸业,1.0,0.537275698526358,2,3.8,4.18,9.999999999999986,575367098.755,0.0,1.0,0.0,0.0,3.0,pass,drop,drop,0.0,wait_for_vwap_reclaim_or_reseal_or_open_price_rebreak,drop_if_first_15m_ret<=-3pct_or_cannot_reclaim_vwap,t2_weak_open_sell_or_t2_close_exit; t3_clear_if_extended,auction_gap_gt_4pct;limit_up_open_unfilled
2025-09-17,2025-09-18,relay,600089,特变电工,0.9999999989322179,0.45676311012697857,1,16.15,16.04,-0.6811145510835837,2249927188.2105,0.0,,0.0,0.0,1.0,pass,pass,watch_intraday,0.04,wait_for_vwap_reclaim_or_reseal_or_open_price_rebreak,drop_if_first_15m_ret<=-3pct_or_cannot_reclaim_vwap,t2_weak_open_sell_or_t2_close_exit; t3_clear_if_extended,
2025-09-18,2025-09-19,relay,600056,中国医药,0.9999998145109851,0.43225724246689773,1,12.0291294,11.979216,-0.4149377593361092,337551712.0585,0.0,0.0,0.0,0.0,1.0,drop,pass,drop,0.0,wait_for_vwap_reclaim_or_reseal_or_open_price_rebreak,drop_if_first_15m_ret<=-3pct_or_cannot_reclaim_vwap,t2_weak_open_sell_or_t2_close_exit; t3_clear_if_extended,red_rate_lt_0.28
2025-09-24,2025-09-25,relay,600103,青山纸业,0.9999830215034334,0.4075589905117307,1,3.92,3.83,-2.2959183673469385,1659852237.488,0.0,,0.0,0.0,1.0,pass,drop,drop,0.0,wait_for_vwap_reclaim_or_reseal_or_open_price_rebreak,drop_if_first_15m_ret<=-3pct_or_cannot_reclaim_vwap,t2_weak_open_sell_or_t2_close_exit; t3_clear_if_extended,auction_gap_lt_-1pct
2025-09-24,2025-09-25,relay,600060,海信视像,0.8815078242525056,0.31639089619926486,2,24.97,25.5,2.1225470564677718,424955839.93399996,0.0,,0.0,0.0,1.0,pass,pass,watch_intraday,0.04,wait_for_vwap_reclaim_or_reseal_or_open_price_rebreak,drop_if_first_15m_ret<=-3pct_or_cannot_reclaim_vwap,t2_weak_open_sell_or_t2_close_exit; t3_clear_if_extended,
2025-10-09,2025-10-10,relay,600021,上海电力,1.0,0.5565829823123174,1,23.28,23.52,1.0309278350515427,3616213759.8915,0.25,,0.0,0.0,1.0,pass,pass,watch_intraday,0.04,wait_for_vwap_reclaim_or_reseal_or_open_price_rebreak,drop_if_first_15m_ret<=-3pct_or_cannot_reclaim_vwap,t2_weak_open_sell_or_t2_close_exit; t3_clear_if_extended,
2025-10-09,2025-10-10,relay,600089,特变电工,1.0,0.5487423711457736,2,19.58,19.86,1.430030643513791,3402254167.6809998,0.25,,0.0,0.0,1.0,pass,pass,watch_intraday,0.04,wait_for_vwap_reclaim_or_reseal_or_open_price_rebreak,drop_if_first_15m_ret<=-3pct_or_cannot_reclaim_vwap,t2_weak_open_sell_or_t2_close_exit; t3_clear_if_extended,
2025-10-13,2025-10-14,relay,600105,永鼎股份,0.9999999999999992,0.51707492859375,1,16.25999382,16.52,1.5990546052987442,2494241631.0575,0.25,1.0,0.0,0.0,3.0,pass,pass,watch_intraday,0.04,wait_for_vwap_reclaim_or_reseal_or_open_price_rebreak,drop_if_first_15m_ret<=-3pct_or_cannot_reclaim_vwap,t2_weak_open_sell_or_t2_close_exit; t3_clear_if_extended,
2025-10-13,2025-10-14,relay,600078,澄星股份,0.9996721263863755,0.3889531100971768,2,9.02,9.92,9.977827050997789,78952294.5235,0.25,1.0,0.0,0.0,3.0,pass,drop,drop,0.0,wait_for_vwap_reclaim_or_reseal_or_open_price_rebreak,drop_if_first_15m_ret<=-3pct_or_cannot_reclaim_vwap,t2_weak_open_sell_or_t2_close_exit; t3_clear_if_extended,auction_gap_gt_4pct;limit_up_open_unfilled;liquidity_lt_150m
2025-10-14,2025-10-15,relay,600067,冠城新材,0.9921718477870252,0.3584084857302433,1,3.4,3.63,6.764705882352939,118430178.52950001,0.5,0.6666666666666666,0.0,0.0,4.0,drop,drop,drop,0.0,wait_for_vwap_reclaim_or_reseal_or_open_price_rebreak,drop_if_first_15m_ret<=-3pct_or_cannot_reclaim_vwap,t2_weak_open_sell_or_t2_close_exit; t3_clear_if_extended,max_board_gt_3;broken_rate_gt_0.40;auction_gap_gt_4pct;liquidity_lt_150m
2025-10-17,2025-10-20,relay,600078,澄星股份,0.723721526981719,0.29071934494069523,1,10.26,10.1,-1.5594541910331383,346977152.2355,0.0,,0.0,0.0,1.0,pass,drop,drop,0.0,wait_for_vwap_reclaim_or_reseal_or_open_price_rebreak,drop_if_first_15m_ret<=-3pct_or_cannot_reclaim_vwap,t2_weak_open_sell_or_t2_close_exit; t3_clear_if_extended,auction_gap_lt_-1pct
2025-10-20,2025-10-21,relay,600103,青山纸业,0.7653291159300706,0.2963929798433941,1,3.69,3.7,0.27100271002711285,1618153083.322,0.0,0.0,0.0,0.0,1.0,drop,pass,drop,0.0,wait_for_vwap_reclaim_or_reseal_or_open_price_rebreak,drop_if_first_15m_ret<=-3pct_or_cannot_reclaim_vwap,t2_weak_open_sell_or_t2_close_exit; t3_clear_if_extended,red_rate_lt_0.28
2025-10-21,2025-10-22,relay,600021,上海电力,0.9999999889959513,0.44614977716281523,1,24.33,24.09,-0.9864364981504226,3288794500.6265,0.0,1.0,0.0,0.0,1.0,pass,pass,watch_intraday,0.04,wait_for_vwap_reclaim_or_reseal_or_open_price_rebreak,drop_if_first_15m_ret<=-3pct_or_cannot_reclaim_vwap,t2_weak_open_sell_or_t2_close_exit; t3_clear_if_extended,
2025-10-28,2025-10-29,relay,600078,澄星股份,0.7265114903620165,0.2912610490160646,1,9.63,9.65,0.20768431983384517,572870192.675,0.5,,0.0,0.0,1.0,drop,pass,drop,0.0,wait_for_vwap_reclaim_or_reseal_or_open_price_rebreak,drop_if_first_15m_ret<=-3pct_or_cannot_reclaim_vwap,t2_weak_open_sell_or_t2_close_exit; t3_clear_if_extended,broken_rate_gt_0.40
2025-10-29,2025-10-30,relay,600021,上海电力,0.9999984238418499,0.42034148012233724,1,30.14,29.6,-1.791639017916391,3887035120.8919997,0.5,0.0,0.0,0.0,1.0,drop,drop,drop,0.0,wait_for_vwap_reclaim_or_reseal_or_open_price_rebreak,drop_if_first_15m_ret<=-3pct_or_cannot_reclaim_vwap,t2_weak_open_sell_or_t2_close_exit; t3_clear_if_extended,broken_rate_gt_0.40;red_rate_lt_0.28;auction_gap_lt_-1pct
2025-10-31,2025-11-03,relay,600067,冠城新材,0.9999999999999953,0.5088234275562655,1,3.93,3.98,1.2722646310432628,283744659.733,0.75,1.0,0.0,0.0,1.0,drop,pass,drop,0.0,wait_for_vwap_reclaim_or_reseal_or_open_price_rebreak,drop_if_first_15m_ret<=-3pct_or_cannot_reclaim_vwap,t2_weak_open_sell_or_t2_close_exit; t3_clear_if_extended,broken_rate_gt_0.40
2025-11-03,2025-11-04,relay,600089,特变电工,0.999599780717834,0.3874939485311867,1,21.54,22.2,3.064066852367686,5865898713.1565,0.0,1.0,0.0,0.0,1.0,pass,pass,watch_intraday,0.04,wait_for_vwap_reclaim_or_reseal_or_open_price_rebreak,drop_if_first_15m_ret<=-3pct_or_cannot_reclaim_vwap,t2_weak_open_sell_or_t2_close_exit; t3_clear_if_extended,
2025-11-04,2025-11-05,relay,600067,冠城新材,0.9999999999949539,0.4781342190794997,1,4.47,4.37,-2.237136465324374,368969307.5355,0.0,1.0,0.0,0.0,1.0,pass,drop,drop,0.0,wait_for_vwap_reclaim_or_reseal_or_open_price_rebreak,drop_if_first_15m_ret<=-3pct_or_cannot_reclaim_vwap,t2_weak_open_sell_or_t2_close_exit; t3_clear_if_extended,auction_gap_lt_-1pct
2025-11-07,2025-11-10,relay,600078,澄星股份,0.9999999998968225,0.4660240596004627,1,11.94,13.13,9.96649916247907,810698293.232,0.0,1.0,0.0,0.0,2.0,pass,drop,drop,0.0,wait_for_vwap_reclaim_or_reseal_or_open_price_rebreak,drop_if_first_15m_ret<=-3pct_or_cannot_reclaim_vwap,t2_weak_open_sell_or_t2_close_exit; t3_clear_if_extended,auction_gap_gt_4pct;limit_up_open_unfilled
2025-11-10,2025-11-11,relay,600067,冠城新材,0.9999999989991509,0.4569866508065039,1,4.58,4.72,3.056768558951961,479150990.17200005,0.25,1.0,0.0,0.0,3.0,pass,pass,watch_intraday,0.04,wait_for_vwap_reclaim_or_reseal_or_open_price_rebreak,drop_if_first_15m_ret<=-3pct_or_cannot_reclaim_vwap,t2_weak_open_sell_or_t2_close_exit; t3_clear_if_extended,
2025-11-10,2025-11-11,relay,600103,青山纸业,0.999999994731895,0.449733868839776,2,4.07,4.17,2.457002457002444,1058738776.9195,0.25,1.0,0.0,0.0,3.0,pass,pass,watch_intraday,0.04,wait_for_vwap_reclaim_or_reseal_or_open_price_rebreak,drop_if_first_15m_ret<=-3pct_or_cannot_reclaim_vwap,t2_weak_open_sell_or_t2_close_exit; t3_clear_if_extended,
2025-11-11,2025-11-12,relay,600094,大名城,0.9998587297494631,0.394662317609664,1,5.79,5.67,-2.0725388601036343,281676826.8625,0.5,1.0,0.0,0.0,1.0,drop,drop,drop,0.0,wait_for_vwap_reclaim_or_reseal_or_open_price_rebreak,drop_if_first_15m_ret<=-3pct_or_cannot_reclaim_vwap,t2_weak_open_sell_or_t2_close_exit; t3_clear_if_extended,broken_rate_gt_0.40;auction_gap_lt_-1pct
2025-11-17,2025-11-18,relay,600097,开创国际,0.9208847418791732,0.3244589077416023,1,13.29,12.98,-2.332580887885616,91446828.806,0.5,,0.0,0.0,1.0,drop,drop,drop,0.0,wait_for_vwap_reclaim_or_reseal_or_open_price_rebreak,drop_if_first_15m_ret<=-3pct_or_cannot_reclaim_vwap,t2_weak_open_sell_or_t2_close_exit; t3_clear_if_extended,broken_rate_gt_0.40;auction_gap_lt_-1pct;liquidity_lt_150m
2025-11-19,2025-11-20,relay,600097,开创国际,0.9999952943251996,0.4144420457321275,1,14.29,15.72,10.006997900629822,150309595.526,0.5,,0.0,0.0,1.0,drop,drop,drop,0.0,wait_for_vwap_reclaim_or_reseal_or_open_price_rebreak,drop_if_first_15m_ret<=-3pct_or_cannot_reclaim_vwap,t2_weak_open_sell_or_t2_close_exit; t3_clear_if_extended,broken_rate_gt_0.40;auction_gap_gt_4pct;limit_up_open_unfilled
2025-11-24,2025-11-25,relay,600097,开创国际,0.9999995331433503,0.42672297326612924,1,14.18,14.19,0.0705218617771397,213216340.88799998,0.0,,0.0,0.0,1.0,pass,pass,watch_intraday,0.04,wait_for_vwap_reclaim_or_reseal_or_open_price_rebreak,drop_if_first_15m_ret<=-3pct_or_cannot_reclaim_vwap,t2_weak_open_sell_or_t2_close_exit; t3_clear_if_extended,
2025-11-25,2025-11-26,relay,600110,诺德股份,1.0,0.6850224203765546,1,7.73,7.74,0.1293661060802087,1245640413.1435,0.0,0.0,0.0,0.0,1.0,drop,pass,drop,0.0,wait_for_vwap_reclaim_or_reseal_or_open_price_rebreak,drop_if_first_15m_ret<=-3pct_or_cannot_reclaim_vwap,t2_weak_open_sell_or_t2_close_exit; t3_clear_if_extended,red_rate_lt_0.28
2025-11-25,2025-11-26,relay,600105,永鼎股份,1.0,0.657984851830774,2,15.72,15.98,1.653944020356235,2520874610.467,0.0,0.0,0.0,0.0,1.0,drop,pass,drop,0.0,wait_for_vwap_reclaim_or_reseal_or_open_price_rebreak,drop_if_first_15m_ret<=-3pct_or_cannot_reclaim_vwap,t2_weak_open_sell_or_t2_close_exit; t3_clear_if_extended,red_rate_lt_0.28
2025-12-02,2025-12-03,relay,600033,福建高速,0.9999999990445398,0.45717995133829475,1,4.20069575,4.20069575,0.0,364244820.0265,0.0,,0.0,0.0,1.0,pass,pass,watch_intraday,0.04,wait_for_vwap_reclaim_or_reseal_or_open_price_rebreak,drop_if_first_15m_ret<=-3pct_or_cannot_reclaim_vwap,t2_weak_open_sell_or_t2_close_exit; t3_clear_if_extended,
2025-12-05,2025-12-08,relay,600105,永鼎股份,0.999806200097457,0.3926799465789622,1,17.12,17.5,2.219626168224287,3087656670.1105003,0.5,,0.0,0.0,1.0,drop,pass,drop,0.0,wait_for_vwap_reclaim_or_reseal_or_open_price_rebreak,drop_if_first_15m_ret<=-3pct_or_cannot_reclaim_vwap,t2_weak_open_sell_or_t2_close_exit; t3_clear_if_extended,broken_rate_gt_0.40
2025-12-09,2025-12-10,relay,600058,五矿发展,0.7973863656378846,0.30192944240169056,1,9.48,9.48,0.0,113369780.90450001,0.5,,0.0,0.0,1.0,drop,drop,drop,0.0,wait_for_vwap_reclaim_or_reseal_or_open_price_rebreak,drop_if_first_15m_ret<=-3pct_or_cannot_reclaim_vwap,t2_weak_open_sell_or_t2_close_exit; t3_clear_if_extended,broken_rate_gt_0.40;liquidity_lt_150m
2025-12-11,2025-12-12,relay,600105,永鼎股份,0.9762572319150785,0.3450509948716398,1,21.04,21.04,0.0,3500125834.8830004,0.0,,0.0,0.0,1.0,pass,pass,watch_intraday,0.04,wait_for_vwap_reclaim_or_reseal_or_open_price_rebreak,drop_if_first_15m_ret<=-3pct_or_cannot_reclaim_vwap,t2_weak_open_sell_or_t2_close_exit; t3_clear_if_extended,
2025-12-19,2025-12-22,relay,600108,亚盛集团,0.9999999999998419,0.49241911410897604,1,3.3,3.29,-0.3030303030302939,185831355.39000002,0.0,,0.0,0.0,1.0,pass,pass,watch_intraday,0.04,wait_for_vwap_reclaim_or_reseal_or_open_price_rebreak,drop_if_first_15m_ret<=-3pct_or_cannot_reclaim_vwap,t2_weak_open_sell_or_t2_close_exit; t3_clear_if_extended,
2025-12-19,2025-12-22,relay,600076,康欣新材,0.9999999999994846,0.4876945770837423,2,3.15,3.19,1.2698412698412653,104698313.882,0.0,,0.0,0.0,1.0,pass,drop,drop,0.0,wait_for_vwap_reclaim_or_reseal_or_open_price_rebreak,drop_if_first_15m_ret<=-3pct_or_cannot_reclaim_vwap,t2_weak_open_sell_or_t2_close_exit; t3_clear_if_extended,liquidity_lt_150m
2025-12-24,2025-12-25,relay,600103,青山纸业,0.9518962891776777,0.33390590939898684,1,4.31,4.39,1.8561484918793614,1243870817.755,0.0,,0.0,0.0,1.0,pass,pass,watch_intraday,0.04,wait_for_vwap_reclaim_or_reseal_or_open_price_rebreak,drop_if_first_15m_ret<=-3pct_or_cannot_reclaim_vwap,t2_weak_open_sell_or_t2_close_exit; t3_clear_if_extended,
2025-12-26,2025-12-29,relay,600021,上海电力,0.9243038601930462,0.32541231704841334,1,21.86,22.0,0.6404391582799596,1614739167.2995,0.0,,0.0,0.0,1.0,pass,pass,watch_intraday,0.04,wait_for_vwap_reclaim_or_reseal_or_open_price_rebreak,drop_if_first_15m_ret<=-3pct_or_cannot_reclaim_vwap,t2_weak_open_sell_or_t2_close_exit; t3_clear_if_extended,
2025-12-29,2025-12-30,relay,600058,五矿发展,0.767724714515679,0.2969211449009625,1,11.52,11.52,0.0,232775110.9726316,0.0,0.5,0.0,0.0,1.0,pass,pass,watch_intraday,0.04,wait_for_vwap_reclaim_or_reseal_or_open_price_rebreak,drop_if_first_15m_ret<=-3pct_or_cannot_reclaim_vwap,t2_weak_open_sell_or_t2_close_exit; t3_clear_if_extended,
2026-01-12,2026-01-13,relay,600094,大名城,0.9999992883078834,0.42446599805591434,1,5.03,5.08,0.994035785288272,230914481.156,0.5,,0.0,0.0,1.0,drop,pass,drop,0.0,wait_for_vwap_reclaim_or_reseal_or_open_price_rebreak,drop_if_first_15m_ret<=-3pct_or_cannot_reclaim_vwap,t2_weak_open_sell_or_t2_close_exit; t3_clear_if_extended,broken_rate_gt_0.40
2026-01-14,2026-01-15,relay,600076,康欣新材,0.998089812061052,0.3732773037454863,1,4.06,4.3,5.911330049261099,234154732.88850003,0.0,0.0,0.0,0.0,1.0,drop,drop,drop,0.0,wait_for_vwap_reclaim_or_reseal_or_open_price_rebreak,drop_if_first_15m_ret<=-3pct_or_cannot_reclaim_vwap,t2_weak_open_sell_or_t2_close_exit; t3_clear_if_extended,red_rate_lt_0.28;auction_gap_gt_4pct
2026-01-20,2026-01-21,relay,600076,康欣新材,0.7994749680490942,0.30255041999272364,1,4.72,4.68,-0.8474576271186418,298303069.184,0.0,1.0,0.0,0.0,1.0,pass,pass,watch_intraday,0.04,wait_for_vwap_reclaim_or_reseal_or_open_price_rebreak,drop_if_first_15m_ret<=-3pct_or_cannot_reclaim_vwap,t2_weak_open_sell_or_t2_close_exit; t3_clear_if_extended,
2026-01-22,2026-01-23,relay,600058,五矿发展,1.0,0.5453818501697165,1,15.63,15.71,0.5118362124120202,906532087.54,0.0,,0.0,0.0,1.0,pass,pass,watch_intraday,0.04,wait_for_vwap_reclaim_or_reseal_or_open_price_rebreak,drop_if_first_15m_ret<=-3pct_or_cannot_reclaim_vwap,t2_weak_open_sell_or_t2_close_exit; t3_clear_if_extended,
2026-01-23,2026-01-26,relay,600076,康欣新材,0.9999999999999996,0.5196006755226678,1,4.22,4.2,-0.4739336492890933,328581474.78300005,0.5,0.0,0.0,0.0,1.0,drop,pass,drop,0.0,wait_for_vwap_reclaim_or_reseal_or_open_price_rebreak,drop_if_first_15m_ret<=-3pct_or_cannot_reclaim_vwap,t2_weak_open_sell_or_t2_close_exit; t3_clear_if_extended,broken_rate_gt_0.40;red_rate_lt_0.28
2026-01-29,2026-01-30,relay,600059,古越龙山,0.9985795481578517,0.3762302774854052,1,10.89,10.61,-2.5711662075298514,203186638.764,0.5,,0.0,0.0,1.0,drop,drop,drop,0.0,wait_for_vwap_reclaim_or_reseal_or_open_price_rebreak,drop_if_first_15m_ret<=-3pct_or_cannot_reclaim_vwap,t2_weak_open_sell_or_t2_close_exit; t3_clear_if_extended,broken_rate_gt_0.40;auction_gap_lt_-1pct
2026-02-04,2026-02-05,relay,600072,中船科技,0.8337999511020379,0.3076907383942413,1,13.33,12.8,-3.975993998499616,405204717.67399997,0.0,,0.0,0.0,1.0,pass,drop,drop,0.0,wait_for_vwap_reclaim_or_reseal_or_open_price_rebreak,drop_if_first_15m_ret<=-3pct_or_cannot_reclaim_vwap,t2_weak_open_sell_or_t2_close_exit; t3_clear_if_extended,auction_gap_lt_-1pct
2026-02-12,2026-02-13,relay,600026,中远海能,0.9987462958514354,0.37739642855494254,1,18.73,18.41,-1.7084890549919907,985203274.0,0.0,,0.0,0.0,1.0,pass,drop,drop,0.0,wait_for_vwap_reclaim_or_reseal_or_open_price_rebreak,drop_if_first_15m_ret<=-3pct_or_cannot_reclaim_vwap,t2_weak_open_sell_or_t2_close_exit; t3_clear_if_extended,auction_gap_lt_-1pct
2026-02-24,2026-02-25,relay,600078,澄星股份,0.9999869578932294,0.4091379238716902,1,12.24,13.46,9.967320261437917,542892009.4275,0.25,,0.0,0.0,1.0,pass,drop,drop,0.0,wait_for_vwap_reclaim_or_reseal_or_open_price_rebreak,drop_if_first_15m_ret<=-3pct_or_cannot_reclaim_vwap,t2_weak_open_sell_or_t2_close_exit; t3_clear_if_extended,auction_gap_gt_4pct;limit_up_open_unfilled
2026-02-24,2026-02-25,relay,600096,云天化,0.9963219861399303,0.36665319103467997,2,39.36,40.2,2.1341463414634276,2198739873.1974998,0.25,,0.0,0.0,1.0,pass,pass,watch_intraday,0.04,wait_for_vwap_reclaim_or_reseal_or_open_price_rebreak,drop_if_first_15m_ret<=-3pct_or_cannot_reclaim_vwap,t2_weak_open_sell_or_t2_close_exit; t3_clear_if_extended,
2026-02-25,2026-02-26,relay,600096,云天化,1.0,0.5715328359678743,1,43.3,43.4,0.23094688221709792,2461767839.9875,0.3333333333333333,1.0,0.0,0.0,2.0,pass,pass,watch_intraday,0.04,wait_for_vwap_reclaim_or_reseal_or_open_price_rebreak,drop_if_first_15m_ret<=-3pct_or_cannot_reclaim_vwap,t2_weak_open_sell_or_t2_close_exit; t3_clear_if_extended,
2026-02-25,2026-02-26,relay,600010,包钢股份,1.0,0.5524683240489833,2,2.93,3.0,2.3890784982935065,3754996439.1835,0.3333333333333333,1.0,0.0,0.0,2.0,pass,pass,watch_intraday,0.04,wait_for_vwap_reclaim_or_reseal_or_open_price_rebreak,drop_if_first_15m_ret<=-3pct_or_cannot_reclaim_vwap,t2_weak_open_sell_or_t2_close_exit; t3_clear_if_extended,
2026-02-26,2026-02-27,relay,600078,澄星股份,0.9999999962177173,0.45123517924782514,1,14.81,14.33,-3.241053342336264,595257609.3105,0.0,1.0,0.0,0.0,3.0,pass,drop,drop,0.0,wait_for_vwap_reclaim_or_reseal_or_open_price_rebreak,drop_if_first_15m_ret<=-3pct_or_cannot_reclaim_vwap,t2_weak_open_sell_or_t2_close_exit; t3_clear_if_extended,auction_gap_lt_-1pct
2026-03-02,2026-03-03,relay,600028,中国石化,0.7756424135195761,0.29821030026634154,1,7.11,7.15,0.5625879043600568,2329909965.9,0.0,1.0,0.0,0.0,2.0,pass,pass,watch_intraday,0.04,wait_for_vwap_reclaim_or_reseal_or_open_price_rebreak,drop_if_first_15m_ret<=-3pct_or_cannot_reclaim_vwap,t2_weak_open_sell_or_t2_close_exit; t3_clear_if_extended,
2026-03-03,2026-03-04,relay,600028,中国石化,1.0,0.5616638720127152,1,7.82,8.1,3.5805626598465423,2709330654.5544996,0.0,1.0,0.0,0.0,3.0,pass,pass,watch_intraday,0.04,wait_for_vwap_reclaim_or_reseal_or_open_price_rebreak,drop_if_first_15m_ret<=-3pct_or_cannot_reclaim_vwap,t2_weak_open_sell_or_t2_close_exit; t3_clear_if_extended,
2026-03-03,2026-03-04,relay,600108,亚盛集团,0.999999999999999,0.5152976458643301,2,4.81,4.82,0.20790020790022457,449159120.8875,0.0,1.0,0.0,0.0,3.0,pass,pass,watch_intraday,0.04,wait_for_vwap_reclaim_or_reseal_or_open_price_rebreak,drop_if_first_15m_ret<=-3pct_or_cannot_reclaim_vwap,t2_weak_open_sell_or_t2_close_exit; t3_clear_if_extended,
2026-03-04,2026-03-05,relay,600108,亚盛集团,0.9999999999999999,0.5261335133201891,1,5.29,5.66,6.994328922495274,570844171.345,0.0,0.3333333333333333,0.0,0.0,4.0,drop,drop,drop,0.0,wait_for_vwap_reclaim_or_reseal_or_open_price_rebreak,drop_if_first_15m_ret<=-3pct_or_cannot_reclaim_vwap,t2_weak_open_sell_or_t2_close_exit; t3_clear_if_extended,max_board_gt_3;auction_gap_gt_4pct
2026-03-10,2026-03-11,relay,600108,亚盛集团,0.999998644878034,0.42109785139006306,1,5.97,6.15,3.015075376884435,997279051.9319999,0.5,,0.0,0.0,1.0,drop,pass,drop,0.0,wait_for_vwap_reclaim_or_reseal_or_open_price_rebreak,drop_if_first_15m_ret<=-3pct_or_cannot_reclaim_vwap,t2_weak_open_sell_or_t2_close_exit; t3_clear_if_extended,broken_rate_gt_0.40
2026-03-11,2026-03-12,relay,600108,亚盛集团,0.9999999033513264,0.4355868242878376,1,6.57,6.7,1.9786910197869156,1141546443.666,0.0,1.0,0.0,0.0,2.0,pass,pass,watch_intraday,0.04,wait_for_vwap_reclaim_or_reseal_or_open_price_rebreak,drop_if_first_15m_ret<=-3pct_or_cannot_reclaim_vwap,t2_weak_open_sell_or_t2_close_exit; t3_clear_if_extended,
2026-03-11,2026-03-12,relay,600075,新疆天业,0.9890157394320913,0.3545828499234045,2,7.47,7.57,1.3386880856760541,380314129.345,0.0,1.0,0.0,0.0,2.0,pass,pass,watch_intraday,0.04,wait_for_vwap_reclaim_or_reseal_or_open_price_rebreak,drop_if_first_15m_ret<=-3pct_or_cannot_reclaim_vwap,t2_weak_open_sell_or_t2_close_exit; t3_clear_if_extended,
2026-03-23,2026-03-24,relay,600032,浙江新能,0.7520527844801852,0.29471202213601033,1,10.76,10.84,0.743494423791824,569869330.6565,0.5,,0.0,0.0,1.0,drop,pass,drop,0.0,wait_for_vwap_reclaim_or_reseal_or_open_price_rebreak,drop_if_first_15m_ret<=-3pct_or_cannot_reclaim_vwap,t2_weak_open_sell_or_t2_close_exit; t3_clear_if_extended,broken_rate_gt_0.40
2026-03-24,2026-03-25,relay,600076,康欣新材,0.99906529170746,0.38015258720969886,1,3.45,3.45,0.0,90054590.90650001,0.0,1.0,0.0,0.0,2.0,pass,drop,drop,0.0,wait_for_vwap_reclaim_or_reseal_or_open_price_rebreak,drop_if_first_15m_ret<=-3pct_or_cannot_reclaim_vwap,t2_weak_open_sell_or_t2_close_exit; t3_clear_if_extended,liquidity_lt_150m
2026-03-24,2026-03-25,relay,600026,中远海能,0.9982299144727268,0.37408094613508336,2,25.87,26.7,3.2083494395052092,3486512461.5604997,0.0,1.0,0.0,0.0,2.0,pass,pass,watch_intraday,0.04,wait_for_vwap_reclaim_or_reseal_or_open_price_rebreak,drop_if_first_15m_ret<=-3pct_or_cannot_reclaim_vwap,t2_weak_open_sell_or_t2_close_exit; t3_clear_if_extended,
2026-03-25,2026-03-26,relay,600032,浙江新能,1.0,0.5496585612704089,1,13.02,12.77,-1.920122887864828,806554403.5480001,0.0,0.6666666666666666,0.0,0.0,3.0,pass,drop,drop,0.0,wait_for_vwap_reclaim_or_reseal_or_open_price_rebreak,drop_if_first_15m_ret<=-3pct_or_cannot_reclaim_vwap,t2_weak_open_sell_or_t2_close_exit; t3_clear_if_extended,auction_gap_lt_-1pct
2026-03-31,2026-04-01,relay,600066,宇通客车,0.9255500868668519,0.32585772423122167,1,35.86,36.89,2.8722810931399945,775611654.809,0.0,,0.0,0.0,1.0,pass,pass,watch_intraday,0.04,wait_for_vwap_reclaim_or_reseal_or_open_price_rebreak,drop_if_first_15m_ret<=-3pct_or_cannot_reclaim_vwap,t2_weak_open_sell_or_t2_close_exit; t3_clear_if_extended,
2026-04-01,2026-04-02,relay,600105,永鼎股份,0.8668944893998608,0.3134072265212109,1,30.51,30.3,-0.68829891838742,3391205377.9565,0.0,1.0,0.0,0.0,1.0,pass,pass,watch_intraday,0.04,wait_for_vwap_reclaim_or_reseal_or_open_price_rebreak,drop_if_first_15m_ret<=-3pct_or_cannot_reclaim_vwap,t2_weak_open_sell_or_t2_close_exit; t3_clear_if_extended,
2026-04-08,2026-04-09,relay,600105,永鼎股份,0.999999999996001,0.47917518568795964,1,33.23,33.95,2.1667168221486843,3785279013.1954994,0.0,0.3333333333333333,0.0,0.0,1.0,pass,pass,watch_intraday,0.04,wait_for_vwap_reclaim_or_reseal_or_open_price_rebreak,drop_if_first_15m_ret<=-3pct_or_cannot_reclaim_vwap,t2_weak_open_sell_or_t2_close_exit; t3_clear_if_extended,
2026-04-20,2026-04-21,relay,600103,青山纸业,0.9809976774661778,0.34862558719978515,1,4.73,4.71,-0.42283298097252064,741527820.3715,0.0,,0.0,0.0,1.0,pass,pass,watch_intraday,0.04,wait_for_vwap_reclaim_or_reseal_or_open_price_rebreak,drop_if_first_15m_ret<=-3pct_or_cannot_reclaim_vwap,t2_weak_open_sell_or_t2_close_exit; t3_clear_if_extended,
2026-04-20,2026-04-21,relay,600072,中船科技,0.8803898813102925,0.3160621714850488,2,13.2,13.43,1.7424242424242564,409748266.8435,0.0,,0.0,0.0,1.0,pass,pass,watch_intraday,0.04,wait_for_vwap_reclaim_or_reseal_or_open_price_rebreak,drop_if_first_15m_ret<=-3pct_or_cannot_reclaim_vwap,t2_weak_open_sell_or_t2_close_exit; t3_clear_if_extended,
2026-04-21,2026-04-22,relay,600032,浙江新能,1.0,0.542113427916556,1,10.86,10.96,0.9208103130755152,1038519364.6460001,0.0,1.0,0.0,0.0,2.0,pass,pass,watch_intraday,0.04,wait_for_vwap_reclaim_or_reseal_or_open_price_rebreak,drop_if_first_15m_ret<=-3pct_or_cannot_reclaim_vwap,t2_weak_open_sell_or_t2_close_exit; t3_clear_if_extended,
2026-04-21,2026-04-22,relay,600103,青山纸业,1.0,0.5303330045269223,2,5.2,5.5,5.769230769230771,926217054.949,0.0,1.0,0.0,0.0,2.0,pass,drop,drop,0.0,wait_for_vwap_reclaim_or_reseal_or_open_price_rebreak,drop_if_first_15m_ret<=-3pct_or_cannot_reclaim_vwap,t2_weak_open_sell_or_t2_close_exit; t3_clear_if_extended,auction_gap_gt_4pct
2026-04-22,2026-04-23,relay,600052,东望时代,1.0,0.6233029142896098,1,4.16,4.24,1.9230769230769162,67513764.1045,0.3333333333333333,1.0,0.0,0.0,1.0,pass,drop,drop,0.0,wait_for_vwap_reclaim_or_reseal_or_open_price_rebreak,drop_if_first_15m_ret<=-3pct_or_cannot_reclaim_vwap,t2_weak_open_sell_or_t2_close_exit; t3_clear_if_extended,liquidity_lt_150m
2026-04-22,2026-04-23,relay,600105,永鼎股份,1.0,0.6159222684499545,2,45.53,48.1,5.644629914342203,6156013227.2155,0.3333333333333333,1.0,0.0,0.0,1.0,pass,drop,drop,0.0,wait_for_vwap_reclaim_or_reseal_or_open_price_rebreak,drop_if_first_15m_ret<=-3pct_or_cannot_reclaim_vwap,t2_weak_open_sell_or_t2_close_exit; t3_clear_if_extended,auction_gap_gt_4pct
2026-04-23,2026-04-24,relay,600052,东望时代,0.988998454090642,0.3545708265124722,1,4.58,4.9,6.986899563318794,93409715.08799998,0.0,1.0,1.0,0.0,2.0,pass,drop,drop,0.0,wait_for_vwap_reclaim_or_reseal_or_open_price_rebreak,drop_if_first_15m_ret<=-3pct_or_cannot_reclaim_vwap,t2_weak_open_sell_or_t2_close_exit; t3_clear_if_extended,auction_gap_gt_4pct;liquidity_lt_150m
2026-04-30,,relay,600052,东望时代,0.9905320157084808,0.35624583884101646,1,4.44,,,,0.0,,0.0,0.0,1.0,pass,drop,drop,0.0,wait_for_vwap_reclaim_or_reseal_or_open_price_rebreak,drop_if_first_15m_ret<=-3pct_or_cannot_reclaim_vwap,t2_weak_open_sell_or_t2_close_exit; t3_clear_if_extended,no_next_bar;missing_auction_proxy
